单号,发票号
RX66_2306-04318,23312000000102658491
RX66_2306-04609,"23312000000107172726,23312000000111320083"
RX66_2306-04610,"23312000000138351243,23312000000143684961,23312000000152504202"
RX66_2306-04611,23312000000164105622
RX66_2307-04925,"23312000000107167781,23312000000111321022,23312000000122239029,23312000000130725991,23312000000138352568,23312000000152505770,23312000000164058233,24312000000022017425"
RX66_2307-05030,23312000000104762194
RX66_2307-05030,23312000000104762194
RX66_2308-05211,23312000000102631353
RX66_2308-05264,"23312000000104775419,23312000000122260910,23312000000130517040"
RX66_2308-05469,"23312000000104423769,23312000000139392551"
RX66_2308-05491,23312000000104424105
RX66_2308-05598,23312000000122242037
RX66_2308-05598,23312000000122242037
RX66_2308-05600,23312000000122242037
RX66_2308-05600,23312000000122242037
RX66_2308-05624,23312000000104793726
RX66_2308-05624,23312000000104793726
RX66_2308-05635,23312000000107173986
RX66_2308-05669,23312000000103542481
RX66_2308-05689,"23312000000104768065,23312000000122261770"
RX66_2308-05694,23312000000104772776
RX66_2308-05694,23312000000104772776
RX66_2308-05694,23312000000104772776
RX66_2308-05703,23312000000113163755
RX66_2308-05710,23312000000104437115
RX66_2308-05714,23312000000104762072
RX66_2308-05714,23312000000104762072
RX66_2308-05668B,23312000000103508946
RX66_2308-05668B,23312000000103508946
RX66_2309-05772,"23312000000104773071,23312000000122266120"
RX66_2309-05783,23312000000103510232
RX66_2309-05785,23312000000104773496
RX66_2309-05797,23312000000104762469
RX66_2309-05797,23312000000104762469
RX66_2309-05811,"23312000000104421841,23312000000107175435"
RX66_2309-05844,23312000000104772234
RX66_2309-05867,23312000000104769255
RX66_2310-06617,23312000000122235047
RX66_2309-05876,23312000000104422852
RX66_2309-05876,23312000000104422852
RX66_2309-05879,23312000000103509528
RX66_2309-05879,23312000000103509528
RX66_2309-05920,23312000000104423079
RX66_2309-05921,23312000000104775496
RX66_2309-05922,23312000000104771765
RX66_2309-05927,23312000000104769063
RX66_2309-05928,23312000000104774918
RX66_2309-05929,23312000000104768344
RX66_2309-05930,23312000000102658138
RX66_2309-05930,23312000000102658138
RX66_2309-05942,23312000000104424167
RX66_2309-05946,"23312000000102669740,23312000000111229583,23312000000111319698"
RX66_2309-05953,23312000000103510056
RX66_2309-05955,23312000000104772776
RX66_2309-05960,"23312000000104772234,23312000000109738204,23312000000112531300"
RX66_2309-05961,"23312000000103508946,23312000000107167196"
RX66_2309-05962,23312000000104793726
RX66_2309-05962,23312000000104793726
RX66_2309-05963,"23312000000104793726,23312000000107170068"
RX66_2309-05963,"23312000000104793726,23312000000107170068"
RX66_2309-05964,23312000000104806500
RX66_2309-05978,23312000000107170042
RX66_2309-05982,23312000000104771885
RX66_2309-05983,23312000000104438679
RX66_2309-05984,23312000000102661649
RX66_2309-05985,23312000000104759130
RX66_2309-05987,23312000000104806500
RX66_2309-05990,23312000000104773071
RX66_2309-05733A,23312000000103543031
RX66_2309-05733A,23312000000103543031
RX66_2309-05998,23312000000104424139
RX66_2309-05998,23312000000104424139
RX66_2309-06003,23312000000104773506
RX66_2309-06005,23312000000104420387
RX66_2309-06005,23312000000104420387
RX66_2309-06011,23312000000103542462
RX66_2309-06013,23312000000102658903
RX66_2309-06014,23312000000102658138
RX66_2309-06015,23312000000103542071
RX66_2309-06017,23312000000102658363
RX66_2309-06024,23312000000104772776
RX66_2309-06024,23312000000104772776
RX66_2309-06034,"23312000000112532561,23312000000130521428,23312000000138171102,23312000000143647969,23312000000152480518"
RX66_2309-06034,"23312000000112532561,23312000000130521428,23312000000138171102,23312000000143647969,23312000000152480518"
RX66_2309-06036A,23312000000104769255
RX66_2309-06041,23312000000113189642
RX66_2309-06041,23312000000113189642
RX66_2309-06050,23312000000103508396
RX66_2309-06053,23312000000104771714
RX66_2309-06054,23312000000104768034
RX66_2309-06054,23312000000104768034
RX66_2309-06056,23312000000107176987
RX66_2309-06057,23312000000104423194
RX66_2309-06060,23312000000104793959
RX66_2309-06060,23312000000104793959
RX66_2309-06063,23312000000103542518
RX66_2309-06069,23312000000104806500
RX66_2309-06071,23312000000103510017
RX66_2309-06071,23312000000103510017
RX66_2309-06072,23312000000104775453
RX66_2309-06073,23312000000103542071
RX66_2309-06075,23312000000104773071
RX66_2309-06076,"23312000000111232436,23312000000102625358"
RX66_2309-06077,23312000000104771132
RX66_2309-06078,23312000000107173118
RX66_2309-06078,23312000000107173118
RX66_2309-06080,"23312000000104422032,23312000000138360469"
RX66_2309-06080,"23312000000104422032,23312000000138360469"
RX66_2309-06086,23312000000104424632
RX66_2309-06086,23312000000104424632
RX66_2309-06086,23312000000104424632
RX66_2309-06087,23312000000104424484
RX66_2309-06087,23312000000104424484
RX66_2309-06089,23312000000104772634
RX66_2309-06090,23312000000104422159
RX66_2309-06091,23312000000103542071
RX66_2309-06094,23312000000103509807
RX66_2309-06096,"23312000000111232506,23312000000104807909"
RX66_2309-06097,"23312000000104773496,23312000000109738580"
RX66_2309-06098,23312000000104775034
RX66_2309-06101,23312000000104773182
RX66_2309-06102,23312000000104772504
RX66_2309-06102,23312000000104772504
RX66_2309-06103,23312000000102631485
RX66_2309-06104,23312000000102669740
RX66_2309-06105,23312000000107175217
RX66_2309-06189,23312000000113189968
RX66_2309-06189,23312000000113189968
RX66_2309-06189,23312000000113189968
RX66_2309-06189,23312000000113189968
RX66_2309-06108,23312000000102625358
RX66_2309-06109,23312000000104424167
RX66_2309-06111,23312000000104424503
RX66_2309-06112,23312000000102633710
RX66_2309-06112,23312000000102633710
RX66_2309-06113,23312000000102625358
RX66_2309-06115,23312000000104806500
RX66_2309-06117,23312000000104772776
RX66_2309-06118,23312000000103509232
RX66_2309-06119,23312000000104421794
RX66_2309-06119,23312000000104421794
RX66_2309-06120,23312000000103542305
RX66_2309-06123,23312000000113189838
RX66_2309-06124,23312000000113189838
RX66_2309-06124,23312000000113189838
RX66_2309-06126,23312000000104772563
RX66_2309-06126,23312000000104772563
RX66_2309-06127,23312000000104422852
RX66_2309-06127,23312000000104422852
RX66_2309-06128,23312000000102625358
RX66_2309-06129,23312000000103542420
RX66_2309-06130,23312000000104806090
RX66_2309-06130,23312000000104806090
RX66_2309-06131,23312000000104771508
RX66_2309-06132,23312000000103542499
RX66_2309-06133,23312000000104423299
RX66_2309-06134,23312000000104806749
RX66_2309-06135,23312000000104806749
RX66_2309-06135,23312000000104806749
RX66_2309-06136,23312000000104422697
RX66_2309-06137,23312000000102658138
RX66_2309-06138,23312000000103508455
RX66_2309-06139,23312000000102658363
RX66_2309-06140,23312000000102631485
RX66_2309-06141,23312000000104771238
RX66_2309-06141,23312000000104771238
RX66_2309-06142,23312000000104773071
RX66_2309-06143,23312000000104420864
RX66_2309-06144,23312000000104757535
RX66_2309-06145,23312000000104770321
RX66_2309-06147,"23312000000104422702,23312000000107169495"
RX66_2309-06148,"23312000000104700651,23312000000111216981,23312000000112526484,23312000000122261700"
RX66_2309-06149,23312000000102625358
RX66_2309-06150,23312000000103508260
RX66_2309-06152,23312000000104769593
RX66_2309-06153,23312000000104770717
RX66_2309-06154,23312000000104770354
RX66_2309-06155,23312000000102658138
RX66_2309-06156,"23312000000104807909,23312000000104701604"
RX66_2309-06186,23312000000104769707
RX66_2309-06157,23312000000104771885
RX66_2309-06158,23312000000104769668
RX66_2309-06159,23312000000104424503
RX66_2309-06159,23312000000104424503
RX66_2309-06160,23312000000104806368
RX66_2309-06161,23312000000104770919
RX66_2309-06161,23312000000104770919
RX66_2309-06161,23312000000104770919
RX66_2309-06162,23312000000103542071
RX66_2309-06163,23312000000104773071
RX66_2309-06165,"23312000000104769876,23312000000138174689"
RX66_2309-06165,"23312000000104769876,23312000000138174689"
RX66_2309-06165,"23312000000104769876,23312000000138174689"
RX66_2309-06166,23312000000105939935
RX66_2309-06166,23312000000105939935
RX66_2309-06167,23312000000107176870
RX66_2309-06168,23312000000107176870
RX66_2309-06170,23312000000103542071
RX66_2309-06171,23312000000104776905
RX66_2309-06172,"23312000000103510056,23312000000107170816,23312000000107175783,23312000000122238447"
RX66_2309-06173,23312000000103510179
RX66_2309-06174,23312000000103542518
RX66_2309-06176,"23312000000104768788,23312000000109741150"
RX66_2309-06179,"23312000000130520234,23312000000138173051"
RX66_2309-06180,"23312000000112539875,23312000000122237374"
RX66_2309-06181,23312000000104769255
RX66_2309-06182,23312000000104768378
RX66_2309-06183,"23312000000113189642,23312000000109735433"
RX66_2309-06184,23312000000143643519
RX66_2309-06185,"23312000000122237374,23312000000130726016"
RX66_2309-06187,23312000000104776155
RX66_2309-06190,"23312000000107169446,23312000000143687141"
RX66_2309-06188,23312000000113189968
RX66_2309-06188,23312000000113189968
RX66_2309-06191,23312000000103433640
RX66_2309-06192,23312000000104772776
RX66_2309-06193,23312000000104768665
RX66_2309-06194,23312000000103508260
RX66_2309-06196,23312000000102658903
RX66_2309-06196,23312000000102658903
RX66_2309-06203,23312000000104422032
RX66_2309-06199,23312000000111320094
RX66_2309-06200,23312000000104762564
RX66_2309-06200,23312000000104762564
RX66_2309-06205,23312000000122243540
RX66_2309-06206,23312000000130525304
RX66_2309-06207,23312000000143642948
RX66_2309-06213,23312000000104776636
RX66_2309-06209,"23312000000104806500,23312000000107167298"
RX66_2309-06210,"23312000000112539898,23312000000122235332"
RX66_2309-06211,"23312000000103542935,23312000000103543340"
RX66_2309-06212,23312000000112528885
RX66_2309-06212,23312000000112528885
RX66_2310-06216,23312000000104759018
RX66_2310-06216,23312000000104759018
RX66_2310-06217,23312000000103543057
RX66_2310-06217,23312000000103543057
RX66_2310-06218,23312000000103509890
RX66_2310-06218,23312000000103509890
RX66_2310-06219,23312000000103508455
RX66_2310-06221,23312000000102669740
RX66_2310-06220,23312000000104793726
RX66_2310-06220,23312000000104793726
RX66_2310-06222,23312000000104771714
RX66_2310-06222,23312000000104771714
RX66_2310-06223,23312000000104761954
RX66_2310-06223,23312000000104761954
RX66_2310-06224,23312000000104422159
RX66_2310-06225,23312000000103542816
RX66_2310-06225,23312000000103542816
RX66_2310-06225,23312000000103542816
RX66_2310-06226,23312000000103542816
RX66_2310-06227,23312000000104762072
RX66_2310-06227,23312000000104762072
RX66_2310-06228,23312000000103509762
RX66_2310-06229,23312000000104423299
RX66_2310-06230,23312000000104805985
RX66_2310-06231,23312000000103509807
RX66_2310-06232,23312000000104421256
RX66_2310-06233,23312000000103509256
RX66_2310-06234,23312000000103508432
RX66_2310-06235,23312000000103509677
RX66_2310-06236,23312000000104421394
RX66_2310-06237,23312000000104761748
RX66_2310-06238,23312000000104758491
RX66_2310-06238,23312000000104758491
RX66_2310-06239,23312000000104758491
RX66_2310-06241,23312000000104761189
RX66_2310-06242,23312000000104770321
RX66_2310-06243,23312000000104761714
RX66_2310-06246,23312000000104422336
RX66_2310-06247,23312000000103542518
RX66_2310-06248,23312000000104793726
RX66_2310-06250,"23312000000104807909,23312000000102661649"
RX66_2310-06251,23312000000104758074
RX66_2310-06252,23312000000104757784
RX66_2310-06252,23312000000104757784
RX66_2310-06257,23312000000113223828
RX66_2310-06257,23312000000113223828
RX66_2310-06254,23312000000104423079
RX66_2310-06254,23312000000104423079
RX66_2310-06255,23312000000104758447
RX66_2310-06255,23312000000104758447
RX66_2310-06256,23312000000102658903
RX66_2310-06258,"23312000000104421401,23312000000107171054"
RX66_2310-06258,"23312000000104421401,23312000000107171054"
RX66_2310-06261,23312000000103542833
RX66_2310-06263,23312000000113189642
RX66_2310-06266,23312000000104775953
RX66_2310-06266,23312000000104775953
RX66_2310-06267,23312000000104701201
RX66_2310-06268,23312000000103508396
RX66_2310-06269,23312000000104757478
RX66_2310-06269,23312000000104757478
RX66_2310-06269,23312000000104757478
RX66_2310-06269,23312000000104757478
RX66_2310-06271,23312000000104420574
RX66_2310-06270,23312000000113189968
RX66_2310-06270,23312000000113189968
RX66_2310-06270,23312000000113189968
RX66_2310-06272,23312000000103509417
RX66_2310-06274,23312000000103542071
RX66_2310-06275,23312000000103542882
RX66_2310-06276,23312000000104776319
RX66_2310-06277,23312000000104776319
RX66_2310-06279,23312000000103542518
RX66_2310-06278,23312000000104776856
RX66_2310-06280,23312000000103507934
RX66_2310-06281,23312000000107167357
RX66_2310-06282,"23312000000111320188,23312000000130730069"
RX66_2310-06283,23312000000104758015
RX66_2310-06283,23312000000104758015
RX66_2310-06284,23312000000104758015
RX66_2310-06285,23312000000104757222
RX66_2310-06286,23312000000104777065
RX66_2310-06286,23312000000104777065
RX66_2310-06286,23312000000104777065
RX66_2310-06287,23312000000103509554
RX66_2310-06287,23312000000103509554
RX66_2310-06288,23312000000104755594
RX66_2310-06289,23312000000104775758
RX66_2310-06290,23312000000104769593
RX66_2310-06291,"23312000000102625358,23312000000104423568"
RX66_2310-06292,"23312000000103508396,23312000000107170406"
RX66_2310-06293,23312000000104776739
RX66_2310-06297,23312000000102658903
RX66_2310-06295,"23312000000105939249,23312000000122263686"
RX66_2310-06296,23312000000104805478
RX66_2310-06298,"23312000000113189642,23312000000109735433"
RX66_2310-06299,23312000000104805956
RX66_2310-06300,23312000000104771238
RX66_2310-06300,23312000000104771238
RX66_2310-06300,23312000000104771238
RX66_2310-06302,23312000000107168366
RX66_2310-06303,23312000000104771238
RX66_2310-06304,23312000000104756801
RX66_2310-06309,23312000000103542305
RX66_2310-06309,23312000000103542305
RX66_2310-06305,23312000000102631485
RX66_2310-06306,23312000000109735300
RX66_2310-06307,23312000000109734898
RX66_2310-06308,23312000000104757423
RX66_2310-06310,23312000000111217603
RX66_2310-06509,23312000000109733545
RX66_2310-06311,23312000000103542518
RX66_2310-06313,23312000000104423568
RX66_2310-06314,23312000000104424167
RX66_2310-06315,"23312000000104437115,23312000000107173144,23312000000111321305,23312000000112541652"
RX66_2310-06316,"23312000000104776905,23312000000109741116"
RX66_2310-06317,"23312000000107175217,23312000000111322820"
RX66_2310-06318,23312000000104755959
RX66_2309-06175A,23312000000107169426
RX66_2310-06319,23312000000104423317
RX66_2310-06320,23312000000103509569
RX66_2310-06321,"23312000000104772776,23312000000109741014"
RX66_2310-06322,23312000000104756679
RX66_2310-06323,23312000000103543632
RX66_2310-06323,23312000000103543632
RX66_2310-06323,23312000000103543632
RX66_2310-06324,23312000000104700617
RX66_2310-06324,23312000000104700617
RX66_2310-06325,23312000000103543419
RX66_2310-06325,23312000000103543419
RX66_2310-06326,23312000000104794101
RX66_2310-06326,23312000000104794101
RX66_2310-06326,23312000000104794101
RX66_2310-06328,23312000000109741357
RX66_2310-06328,23312000000109741357
RX_2310-06327,23312000000104775496
RX66_2310-06331,23312000000104756274
RX66_2310-06329,23312000000104805549
RX66_2310-06330,"23312000000105938890,23312000000111222160,23312000000112526008"
RX66_2310-06332,23312000000104423299
RX66_2310-06333,23312000000104420864
RX66_2310-06334,23312000000105939640
RX66_2310-06334,23312000000105939640
RX66_2310-06336,23312000000104805435
RX66_2310-06337,23312000000104700181
RX66_2310-06338,"23312000000104423568,23312000000111320875"
RX66_2310-06339,23312000000104438646
RX66_2310-06340,"23312000000111320875,23312000000112541431"
RX66_2310-06340,"23312000000111320875,23312000000112541431"
RX66_2310-06341,23312000000103509762
RX66_2310-06342,23312000000130727812
RX66_2310-06343,23312000000104775953
RX66_2310-06344,23312000000104775034
RX66_2310-06352,23312000000104805044
RX66_2310-06345,23312000000103509057
RX66_2310-06346,"23312000000113189642,23312000000109735433,23312000000112528925,23312000000122269597"
RX66_2310-06346,"23312000000113189642,23312000000109735433,23312000000112528925,23312000000122269597"
RX66_2310-06347,23312000000113189642
RX66_2310-06348,23312000000104777317
RX66_2310-06349,23312000000103542518
RX66_2310-06350,23312000000104805133
RX66_2310-06351,23312000000104761189
RX66_2310-06353,23312000000104769707
RX66_2310-06354,23312000000104424167
RX66_2310-06355,23312000000122268591
RX66_2310-06355,23312000000122268591
RX66_2310-06355,23312000000122268591
RX66_2310-06356,23312000000104422697
RX66_2310-06357,23312000000104700764
RX66_2310-06357,23312000000104700764
RX66_2310-06358,23312000000103508260
RX66_2310-06359,"23312000000108851568,23312000000112541001"
RX66_2310-06360,23312000000112775288
RX66_2310-06360,23312000000112775288
RX66_2310-06379,23312000000109734295
RX66_2310-06361,23312000000104701727
RX66_2310-06361,23312000000104701727
RX66_2310-06361,23312000000104701727
RX66_2310-06362,23312000000104700253
RX66_2310-06363,"23312000000122235332,23312000000130730355"
RX66_2310-06365,23312000000107168800
RX66_2310-06366,23312000000104762469
RX66_2310-06366,23312000000104762469
RX66_2310-06369,23312000000112775288
RX66_2310-06370,23312000000104805956
RX66_2310-06371,23312000000104770717
RX66_2310-06372,23312000000104773506
RX66_2310-06373,23312000000104701447
RX66_2310-06374,23312000000113189968
RX66_2310-06375,23312000000104701850
RX66_2310-06375,23312000000104701850
RX66_2310-06376,23312000000104423299
RX66_2310-06377,"23312000000104423568,23312000000107168800"
RX66_2310-06380,23312000000104422367
RX66_2310-06380,23312000000104422367
RX66_2310-06380,23312000000104422367
RX66_2310-06381,23312000000112526120
RX66_2310-06381,23312000000112526120
RX66_2310-06382,23312000000104768378
RX66_2310-06382,23312000000104768378
RX66_2310-06383,"23312000000104769255,23312000000109735007,23312000000130531324"
RX66_2310-06384,23312000000107173657
RX66_2310-06384,23312000000107173657
RX66_2310-06385,23312000000113163755
RX66_2310-06387,23312000000107173315
RX66_2310-06388,23312000000107169426
RX66_2310-06389,"23312000000104773071,23312000000109741797"
RX66_2310-06390,23312000000107174663
RX66_2310-06390,23312000000107174663
RX66_2310-06392,23312000000104701604
RX66_2310-06393,23312000000107176781
RX66_2310-06394,"23312000000109739687,23312000000112531598"
RX66_2310-06396,23312000000103542420
RX66_2310-06395,23312000000104768344
RX66_2310-06400,23312000000109735604
RX66_2310-06397,"23312000000104776319,23312000000109738477"
RX66_2310-06398,23312000000107168310
RX66_2310-06399,"23312000000109741014,23312000000112530566,23312000000122262438"
RX66_2310-06401,"23312000000122233631,23312000000130726479"
RX66_2310-06491,23312000000104424503
RX66_2310-06402,23312000000103543520
RX66_2310-06403,23312000000103542071
RX66_2310-06404,23312000000107169426
RX66_2310-06406,23312000000130522717
RX66_2310-06407,23312000000122233663
RX66_2310-06408,"23312000000109738580,23312000000143646800"
RX66_2310-06409,"23312000000104420920,23312000000107167972"
RX66_2310-06410,"23312000000138351825,23312000000143686109"
RX66_2310-06411,23312000000138174236
RX66_2310-06412,"23312000000111319698,23312000000122242726"
RX66_2310-06413,23312000000112530884
RX66_2310-06414,"23312000000112528925,23312000000130529571"
RX66_2310-06415,23312000000107171176
RX66_2310-06423,23312000000107168439
RX66_2310-06416,"23312000000107172457,23312000000122238247"
RX66_2310-06416,"23312000000107172457,23312000000122238247"
RX66_2310-06416,"23312000000107172457,23312000000122238247"
RX66_2310-06418,"23312000000112526484,23312000000122261700"
RX66_2310-06420,"23312000000122237835,23312000000130726697"
RX66_2310-06421,23312000000104806106
RX66_2310-06422,23312000000104770354
RX66_2310-06424,23312000000107172221
RX66_2310-06427,23312000000104701327
RX66_2310-06427,23312000000104701327
RX66_2310-06428,23312000000107169829
RX66_2310-06429,"23312000000111220947,23312000000112526548"
RX66_2310-06430,23312000000107170068
RX66_2310-06431,23312000000111320257
RX66_2310-06432,"23312000000109734478,23312000000112527844"
RX66_2310-06433,23312000000109738416
RX66_2310-06434,23312000000107169470
RX66_2310-06435,23312000000107168917
RX66_2310-06435,23312000000107168917
RX66_2310-06436,"23312000000109741116,23312000000112531508,24312000000364823312"
RX66_2310-06436,"23312000000109741116,23312000000112531508,24312000000364823312"
RX66_2310-06436,"23312000000109741116,23312000000112531508,24312000000364823312"
RX66_2310-06437,23312000000107167212
RX66_2310-06438,23312000000122239719
RX66_2310-06439,"23312000000109742055,23312000000112530323"
RX66_2310-06440,23312000000111229583
RX66_2310-06441,23312000000107170459
RX66_2310-06441,23312000000107170459
RX66_2310-06442,23312000000109738354
RX66_2310-06443,23312000000107169016
RX66_2310-06443,23312000000107169016
RX66_2310-06444,23312000000109738699
RX66_2310-06444,23312000000109738699
RX66_2310-06445,23312000000109741516
RX66_2310-06445,23312000000109741516
RX66_2310-06446,"23312000000107171929,23312000000107176889"
RX66_2310-06447,23312000000109734413
RX66_2310-06448,23312000000107168588
RX66_2310-06449,23312000000109739439
RX66_2310-06449,23312000000109739439
RX66_2310-06450,23312000000109739439
RX66_2310-06452,23312000000109738675
RX66_2310-06453,23312000000107172424
RX66_2310-06454,23312000000107171054
RX66_2310-06455,23312000000109734122
RX66_2310-06455,23312000000109734122
RX66_2310-06456,"23312000000112529384,23312000000122263464"
RX66_2310-06457,"23312000000109738477,23312000000112530013"
RX66_2310-06458,23312000000107169829
RX66_2310-06459,"23312000000112526548,23312000000122260411"
RX66_2310-06460,23312000000107170619
RX66_2310-06461,23312000000111218057
RX66_2310-06461,23312000000111218057
RX66_2310-06462,23312000000107175017
RX66_2310-06463,"23312000000107176330,23312000000111321350"
RX66_2310-06464,"23312000000122262438,23312000000130523808,23312000000138173010"
RX66_2310-06465,23312000000107171205
RX66_2310-06466,"23312000000107169426,23312000000122236420"
RX66_2310-06467,23312000000109739660
RX66_2310-06467,23312000000109739660
RX66_2310-06468,23312000000107169426
RX66_2310-06469,23312000000109739967
RX66_2310-06469,23312000000109739967
RX66_2310-06470,23312000000109734018
RX66_2310-06471,"23312000000112541556,23312000000122236204,23312000000130726507"
RX66_2310-06471,"23312000000112541556,23312000000122236204,23312000000130726507"
RX66_2310-06472,23312000000138353067
RX66_2310-06472,23312000000138353067
RX66_2310-06473,23312000000109739324
RX66_2310-06474,23312000000109739533
RX66_2310-06474,23312000000109739533
RX66_2310-06475,23312000000107169470
RX66_2310-06476,23312000000107171687
RX66_2310-06477,23312000000107173424
RX66_2310-06477,23312000000107173424
RX66_2310-06478,23312000000109734073
RX66_2310-06479,23312000000107174445
RX66_2310-06480,23312000000109740362
RX66_2310-06481,23312000000109741903
RX66_2310-06482,23312000000107171902
RX66_2310-06483,23312000000111321331
RX66_2310-06483,23312000000111321331
RX66_2310-06483,23312000000111321331
RX66_2310-06484,23312000000107176889
RX66_2310-06485,"23312000000111323003,23312000000122238677"
RX66_2310-06485,"23312000000111323003,23312000000122238677"
RX66_2310-06486,23312000000107168800
RX66_2310-06406A,23312000000107175435
RX66_2310-06487,23312000000109740546
RX66_2310-06488,23312000000109733246
RX66_2310-06488,23312000000109733246
RX66_2310-06489,23312000000109733320
RX66_2310-06489,23312000000109733320
RX66_2310-06490,23312000000122241621
RX66_2310-06493,"23312000000122238247,23312000000138360469"
RX66_2310-06494,23312000000109733298
RX66_2310-06495,23312000000107173625
RX66_2310-06495,23312000000107173625
RX66_2310-06496,"23312000000107170042,23312000000111320456"
RX66_2310-06497,23312000000111320257
RX66_2310-06499,23312000000122236420
RX66_2310-06500,23312000000111322710
RX66_2310-06501,23312000000109741014
RX66_2310-06502,23312000000107177385
RX66_2310-06503,23312000000109732874
RX66_2310-06503,23312000000109732874
RX66_2310-06504,23312000000109738477
RX66_2310-06504,23312000000109738477
RX66_2310-06505,"23312000000130531324,23312000000138163076,23312000000143650319"
RX66_2310-06506,23312000000112530923
RX66_2310-06507,23312000000107175511
RX66_2310-06508,23312000000111320748
RX66_2310-06510,23312000000107173794
RX66_2310-06510,23312000000107173794
RX66_2310-06510,23312000000107173794
RX66_2310-06512,23312000000111320875
RX66_2310-06514,23312000000111217635
RX66_2310-06514,23312000000111217635
RX66_2310-06515,"23312000000112531993,23312000000138169494,23312000000152479964"
RX66_2310-06516,23312000000107170068
RX66_2310-06516,23312000000107170068
RX66_2310-06517,23312000000107175856
RX66_2310-06517,23312000000107175856
RX66_2310-06518,23312000000111221919
RX66_2310-06518,23312000000111221919
RX66_2310-06547,23312000000107176474
RX66_2310-06519,"23312000000107170816,23312000000107175783,23312000000111321076,23312000000122238447,23312000000130728317,23312000000143683337"
RX66_2310-06520,23312000000107174048
RX66_2310-06521,23312000000107174048
RX66_2310-06522,"23312000000130726016,23312000000143682309,23312000000152504969"
RX66_2310-06523,23312000000164054614
RX66_2310-06524,23312000000164098034
RX66_2310-06525,"23312000000111320473,23312000000112540469"
RX66_2310-06526,23312000000109742362
RX66_2310-06527,23312000000107175832
RX66_2310-06527,23312000000107175832
RX66_2310-06528,23312000000107175562
RX66_2310-06529,23312000000107177735
RX66_2310-06530,"23312000000111320875,23312000000112541431"
RX66_2310-06532,23312000000107167972
RX66_2310-06533,23312000000109734018
RX66_2310-06534,23312000000130727304
RX66_2310-06535,"23312000000107169829,23312000000112540786"
RX66_2310-06536,23312000000112526548
RX66_2310-06537,23312000000109742463
RX66_2310-06538,23312000000109732762
RX66_2309-06034A,23312000000112532561
RX66_2310-06539,23312000000112528948
RX66_2310-06540,23312000000122270376
RX66_2310-06540,23312000000122270376
RX66_2310-06541,23312000000111221889
RX66_2310-06542,23312000000111217948
RX66_2310-06543,23312000000111217570
RX66_2310-06544,"23312000000111322791,23312000000138358514"
RX66_2310-06545,23312000000152483789
RX66_2310-06548,23312000000112528420
RX66_2310-06562,23312000000112526936
RX66_2310-06549,23312000000109734018
RX66_2310-06550,23312000000130516920
RX66_2310-06551,"23312000000111322199,23312000000122236821"
RX66_2310-06551,"23312000000111322199,23312000000122236821"
RX66_2310-06552,23312000000112526328
RX66_2310-06552,23312000000112526328
RX66_2310-06592,23312000000111322685
RX66_2310-06554,23312000000111320680
RX66_2310-06555,23312000000112529946
RX66_2310-06556,23312000000111322080
RX66_2310-06557,23312000000112530713
RX66_2310-06558,23312000000112531498
RX66_2310-06559,23312000000111322019
RX66_2310-06560,23312000000111321835
RX66_2310-06561,23312000000112531246
RX66_2310-06561,23312000000112531246
RX66_2310-06563,23312000000112532247
RX66_2310-06564,23312000000122236934
RX66_2310-06565,23312000000111322945
RX66_2310-06565,23312000000111322945
RX66_2310-06566,"23312000000130730051,24312000000009942745"
RX66_2310-06566,"23312000000130730051,24312000000009942745"
RX66_2310-06567,23312000000111321821
RX66_2310-06567,23312000000111321821
RX66_2310-06568,23312000000111321750
RX66_2310-06569,23312000000112527472
RX66_2310-06569,23312000000112527472
RX66_2310-06598,23312000000122232538
RX66_2310-06598,23312000000122232538
RX66_2310-06598,23312000000122232538
RX66_2310-06570,23312000000122270376
RX66_2310-06571,23312000000112528232
RX66_2310-06571,23312000000112528232
RX66_2310-06572,"23312000000112530323,23312000000122260718"
RX66_2310-06573,23312000000111321764
RX66_2310-06574,23312000000112528190
RX66_2310-06575,"23312000000112541652,23312000000122235922"
RX66_2310-06576,23312000000122270084
RX66_2310-06578,23312000000111322307
RX66_2310-06580,23312000000111322096
RX66_2310-06581,23312000000122234092
RX66_2310-06581,23312000000122234092
RX66_2310-06582,23312000000112529453
RX66_2310-06582,23312000000112529453
RX66_2310-06582,23312000000112529453
RX66_2310-06583,23312000000122237835
RX66_2310-06584,23312000000112530566
RX66_2310-06584,23312000000112530566
RX66_2310-06585,23312000000111322056
RX66_2310-06587,23312000000112530566
RX66_2310-06589,23312000000112530013
RX66_2310-06589,23312000000112530013
RX66_2310-06590,23312000000122236052
RX66_2310-06590,23312000000122236052
RX66_2310-06591,23312000000122240793
RX66_2310-06591,23312000000122240793
RX66_2310-06593,23312000000112528114
RX66_2310-06596,23312000000112540369
RX66_2310-06594,23312000000122239080
RX66_2310-06595,23312000000122236198
RX66_2310-06597,23312000000112527233
RX66_2310-06599,23312000000122237437
RX66_2310-06600,"23312000000122236420,23312000000130725572"
RX66_2310-06601,"23312000000130518424,23312000000138370569"
RX66_2310-06602,23312000000122236204
RX66_2310-06602,23312000000122236204
RX66_2310-06227A,23312000000112528948
RX66_2310-06227A,23312000000112528948
RX66_2310-06227B,23312000000122269211
RX66_2310-06227B,23312000000122269211
RX66_2310-06603,23312000000122270326
RX66_2310-06604,23312000000122237405
RX66_2310-06604,23312000000122237405
RX66_2310-06605,23312000000112529415
RX66_2310-06606,23312000000112526548
RX66_2310-06607,23312000000112527436
RX66_2310-06616,23312000000122270707
RX66_2310-06608,23312000000122241435
RX66_2310-06609,23312000000122235637
RX66_2310-06609,23312000000122235637
RX66_2310-06610,23312000000122261213
RX66_2310-06610,23312000000122261213
RX66_2310-06610,23312000000122261213
RX66_2310-06611,23312000000122261535
RX66_2310-06611,23312000000122261535
RX66_2310-06613,23312000000122236910
RX66_2310-06613,23312000000122236910
RX66_2310-06614,23312000000122235427
RX66_2310-06615,"23312000000122269597,23312000000130529571"
RX66_2310-06618,23312000000122261255
RX66_2310-06619,23312000000122269864
RX66_2310-06628,23312000000138358316
RX66_2310-06620,23312000000122269095
RX66_2310-06621,23312000000122239443
RX66_2310-06622,23312000000122260411
RX66_2310-06624,"23312000000122236934,23312000000138355469"
RX66_2310-06625,23312000000122262066
RX66_2310-06625,23312000000122262066
RX66_2310-06626,23312000000122264327
RX66_2310-06627,23312000000122238045
RX66_2310-06629,23312000000164064017
RX66_2310-06638,23312000000122269630
RX66_2310-06630,23312000000122233940
RX66_2310-06634,23312000000122238905
RX66_2310-06635,23312000000122262679
RX66_2310-06636,23312000000122240221
RX66_2310-06637,23312000000122239132
RX66_2310-06639,23312000000122267273
RX66_2310-06640,23312000000122267784
RX66_2310-06641,23312000000130518466
RX66_2310-06641,23312000000130518466
RX66_2310-06641,23312000000130518466
RX66_2310-06642,23312000000122268175
RX66_2310-06643,23312000000122268728
RX66_2310-06643,23312000000122268728
RX66_2310-06644,23312000000122265848
RX66_2310-06644,23312000000122265848
RX66_2310-06647,23312000000122240612
RX66_2310-06647,23312000000122240612
RX66_2310-06647,23312000000122240612
RX66_2310-06645,23312000000152508111
RX66_2310-06654,23312000000122268321
RX66_2310-06654,23312000000122268321
RX66_2310-06648,23312000000122240388
RX66_2310-06649,23312000000122262438
RX66_2310-06650,23312000000122262649
RX66_2310-06651,23312000000122269709
RX66_2310-06652,23312000000122269709
RX66_2310-06653,23312000000122262986
RX66_2310-06688,23312000000122264292
RX66_2310-06688,23312000000122264292
RX66_2310-06656,23312000000122239682
RX66_2310-06671,23312000000122234213
RX66_2310-06667,23312000000122243693
RX66_2310-06657,23312000000122236420
RX66_2310-06659,23312000000122237374
RX66_2310-06660,23312000000122240085
RX66_2310-06661,23312000000122241135
RX66_2310-06663,23312000000122240499
RX66_2310-06668,23312000000122237835
RX66_2310-06669,23312000000122263324
RX66_2310-06676,23312000000122263732
RX66_2310-06676,23312000000122263732
RX66_2311-06756,23312000000130726387
RX66_2311-06756,23312000000130726387
RX66_2310-06679,"23312000000122237835,23312000000130726697"
RX66_2310-06680,23312000000122241833
RX66_2310-06680,23312000000122241833
RX66_2310-06681,23312000000122266287
RX66_2310-06682,23312000000122263892
RX66_2310-06683,23312000000122266675
RX66_2310-06687,23312000000122267397
RX66_2310-06687,23312000000122267397
RX66_2310-06685,23312000000122265547
RX66_2310-06685,23312000000122265547
RX66_2310-06685,23312000000122265547
RX66_2310-06686,23312000000122242301
RX66_2310-06690,23312000000122236204
RX66_2310-06690,23312000000122236204
RX66_2311-06691,23312000000122240221
RX66_2311-06692,23312000000122242426
RX66_2311-06692,23312000000122242426
RX66_2311-06693,23312000000122243836
RX66_2311-06693,23312000000122243836
RX66_2311-06694,23312000000130725808
RX66_2311-06695,23312000000130726040
RX66_2311-06696,23312000000122263732
RX66_2311-06696,23312000000122263732
RX66_2311-06696,23312000000122263732
RX66_2311-06699,23312000000130518911
RX66_2311-06701,"23312000000122233663,23312000000130727586"
RX66_2311-06702,23312000000122242370
RX66_2311-06703,23312000000130727210
RX66_2311-06703,23312000000130727210
RX66_2311-06705,23312000000122267453
RX66_2311-06706,23312000000122267071
RX66_2311-06706,23312000000122267071
RX66_2311-06707,"23312000000122244405,23312000000130726418"
RX66_2311-06707,"23312000000122244405,23312000000130726418"
RX66_2311-06708,23312000000122264554
RX66_2311-06709,23312000000122267039
RX66_2311-06710,23312000000130726922
RX66_2311-06711,"23312000000130730619,23312000000138354176"
RX66_2311-06711,"23312000000130730619,23312000000138354176"
RX66_2311-06712,23312000000122243066
RX66_2311-06712,23312000000122243066
RX66_2311-06712,23312000000122243066
RX66_2311-06714,23312000000130530264
RX66_2311-06715,23312000000122264922
RX66_2311-06715,23312000000122264922
RX66_2311-06716,23312000000122242934
RX66_2311-06716,23312000000122242934
RX66_2311-06717,23312000000130529571
RX66_2311-06718,23312000000122264963
RX66_2311-06719,"23312000000130728226,23312000000138357076"
RX66_2311-06720,23312000000122265099
RX66_2311-06720,23312000000122265099
RX66_2311-06722,23312000000138355041
RX66_2311-06723,23312000000122243278
RX66_2311-06724,23312000000122237835
RX66_2311-06725,"23312000000130725572,23312000000138352744"
RX66_2311-06726,23312000000122266512
RX66_2311-06727,"23312000000130728317,23312000000143683337,23312000000152503646"
RX66_2311-06728,23312000000130519111
RX66_2311-06729,23312000000130518107
RX66_2311-06729,23312000000130518107
RX66_2311-06730,23312000000130730205
RX66_2311-06731,23312000000130729976
RX66_2311-06732,23312000000130730304
RX66_2311-06733,23312000000138173010
RX66_2311-06734,23312000000130517757
RX66_2311-06735,23312000000130727851
RX66_2311-06736,23312000000130726287
RX66_2311-06736,23312000000130726287
RX66_2311-06737,"23312000000122260411,23312000000130519422"
RX66_2311-06738,23312000000130726117
RX66_2311-06739,23312000000130726591
RX66_2311-06740,23312000000130530666
RX66_2311-06742,"23312000000130523572,23312000000164102161"
RX66_2311-06742,"23312000000130523572,23312000000164102161"
RX66_2311-06743,23312000000122236934
RX66_2311-06745,"23312000000130725572,23312000000138352744"
RX66_2311-06746,"23312000000138370569,23312000000143641685"
RX66_2311-06747,23312000000130728002
RX66_2311-06748,"23312000000122239132,23312000000130726026"
RX66_2311-06749,23312000000130725477
RX66_2311-06750,23312000000138354660
RX66_2311-06742A,23312000000130729491
RX66_2310-06401A,23312000000130726479
RX66_2311-06751,23312000000130520534
RX66_2311-06751,23312000000130520534
RX66_2311-06752,23312000000130518576
RX66_2311-06752,23312000000130518576
RX66_2311-06753,23312000000130528687
RX66_2311-06753,23312000000130528687
RX66_2311-06754,23312000000130726323
RX66_2311-06755,23312000000130530217
RX66_2311-06757,23312000000130520935
RX66_2311-06758,23312000000130725637
RX66_2311-06759,23312000000130727367
RX66_2311-06760,23312000000130518107
RX66_2311-06761,"23312000000130727224,23312000000130730652,23312000000138354624"
RX66_2311-06762,23312000000130531042
RX66_2311-06763,23312000000136216691
RX66_2311-06763,23312000000136216691
RX66_2311-06763,23312000000136216691
RX66_2311-06763,23312000000136216691
RX66_2311-06764,23312000000130519185
RX66_2311-06765,23312000000130519185
RX66_2311-06765,23312000000130519185
RX66_2311-06767,23312000000130518576
RX66_2311-06768,23312000000130530666
RX66_2311-06769,23312000000130529199
RX66_2311-06770,23312000000130519808
RX66_2311-06771,23312000000130726697
RX66_2311-06771,23312000000130726697
RX66_2311-06772,23312000000130726026
RX66_2311-06775,23312000000130517757
RX66_2311-06776,23312000000130530806
RX66_2311-06777,23312000000130529089
RX66_2311-06778,23312000000130727425
RX66_2311-06779,23312000000130531324
RX66_2311-06780,23312000000130520683
RX66_2311-06781,23312000000130726802
RX66_2311-06781,23312000000130726802
RX66_2311-06782,23312000000130728038
RX66_2311-06783,23312000000130529571
RX66_2311-06784,23312000000130519422
RX66_2311-06785,23312000000130726654
RX66_2311-06786,23312000000130725572
RX66_2311-06787,23312000000130729051
RX66_2311-06787,23312000000130729051
RX66_2311-06788,23312000000130728400
RX66_2311-06788,23312000000130728400
RX66_2311-06789,23312000000130725454
RX66_2311-06790,23312000000130528867
RX66_2311-06791,23312000000130727934
RX66_2311-06792,23312000000130729724
RX66_2311-06792,23312000000130729724
RX66_2311-06793,23312000000130728691
RX66_2311-06794,23312000000130527189
RX66_2311-06794,23312000000130527189
RX66_2311-06795,23312000000130528395
RX66_2311-06796,23312000000130727436
RX66_2311-06796,23312000000130727436
RX66_2311-06796,23312000000130727436
RX66_2311-06797,23312000000130520267
RX66_2311-06799,23312000000130520020
RX66_2311-06799,23312000000130520020
RX66_2311-06800,23312000000138355041
RX66_2311-06803,23312000000130517757
RX66_2311-06803,23312000000130517757
RX66_2311-06804,23312000000130726697
RX66_2311-06805,23312000000130521454
RX66_2311-06806,23312000000138162591
RX66_2311-06806,23312000000138162591
RX66_2311-06807,23312000000130521454
RX66_2311-06807,23312000000130521454
RX66_2311-06808,23312000000130727249
RX66_2311-06809,23312000000130521793
RX66_2311-06809,23312000000130521793
RX66_2311-06810,23312000000130528227
RX66_2311-06812,23312000000130729629
RX66_2311-06813,23312000000130528614
RX66_2311-06813,23312000000130528614
RX66_2311-06814,23312000000130522447
RX66_2311-06815,23312000000130725572
RX66_2311-06816,"23312000000130728737,23312000000143682556"
RX66_2311-06816,"23312000000130728737,23312000000143682556"
RX66_2311-06816,"23312000000130728737,23312000000143682556"
RX66_2311-06817,23312000000130522031
RX66_2311-06817,23312000000130522031
RX66_2311-06818,23312000000130522031
RX66_2311-06819,"23312000000130521640,23312000000138174463"
RX66_2311-06820,23312000000130729334
RX66_2311-06820,23312000000130729334
RX66_2311-06821,23312000000130728434
RX66_2311-06822,23312000000130729012
RX66_2311-06822,23312000000130729012
RX66_2311-06824,23312000000130729420
RX66_2311-06825,23312000000130527632
RX66_2311-06825,23312000000130527632
RX66_2311-06826,23312000000130522153
RX66_2310-06406B,23312000000138171692
RX66_2311-06827,23312000000130725084
RX66_2311-06828,23312000000130528019
RX66_2311-06828,23312000000130528019
RX66_2311-06829,23312000000130725345
RX66_2311-06830,23312000000130729245
RX66_2311-06831,23312000000138173600
RX66_2311-06832,23312000000138173600
RX66_2311-06833,23312000000130517721
RX66_2311-06834,23312000000138355073
RX66_2311-06835,23312000000138171398
RX66_2311-06836,23312000000130727893
RX66_2311-06837,23312000000130526148
RX66_2311-06837,23312000000130526148
RX66_2311-06838,23312000000130523152
RX66_2311-06838,23312000000130523152
RX66_2311-06839,23312000000130728403
RX66_2311-06888,23312000000138174782
RX66_2311-06840,23312000000130726117
RX66_2311-06841,23312000000130728517
RX66_2311-06843,23312000000130728621
RX66_2311-06844,23312000000138357076
RX66_2311-06845,23312000000130523121
RX66_2311-06846,23312000000130519185
RX66_2311-06848,23312000000130526786
RX66_2311-06848,23312000000130526786
RX66_2311-06849,23312000000130729397
RX66_2311-06850,"23312000000138352744,23312000000143686748"
RX66_2311-06851,23312000000143641685
RX66_2311-06852,23312000000130729362
RX66_2311-06853,23312000000138353875
RX66_2311-06853,23312000000138353875
RX66_2311-06854,"23312000000130517302,23312000000138173454"
RX66_2311-06855,23312000000130527044
RX66_2311-06918,23312000000138350678
RX66_2311-06856,23312000000130729744
RX66_2311-06857,23312000000130524126
RX66_2311-06857,23312000000130524126
RX66_2311-06858,23312000000130523186
RX66_2311-06859,23312000000130523186
RX66_2311-06859,23312000000130523186
RX66_2311-06860,23312000000130523808
RX66_2311-06860,23312000000130523808
RX66_2311-06861,"23312000000138161624,23312000000152483571"
RX66_2311-06863,"23312000000130726697,23312000000138351825"
RX66_2311-06864,23312000000130526348
RX66_2311-06865,23312000000130525945
RX66_2311-06865,23312000000130525945
RX66_2311-06866,23312000000152482885
RX66_2311-06867,23312000000138175496
RX66_2311-06867,23312000000138175496
RX66_2311-06868,23312000000130727546
RX66_2311-06869,23312000000130525671
RX66_2311-06869,23312000000130525671
RX66_2311-06870,23312000000130526509
RX66_2311-06870,23312000000130526509
RX66_2311-06871,23312000000138164042
RX66_2311-06871,23312000000138164042
RX66_2311-06872,"23312000000130730940,23312000000138352744"
RX66_2311-06873,"23312000000130524616,24312000000025682519"
RX66_2311-06873,"23312000000130524616,24312000000025682519"
RX66_2311-06873,"23312000000130524616,24312000000025682519"
RX66_2311-06874,23312000000130524938
RX66_2311-06875,23312000000138352233
RX66_2311-06875,23312000000138352233
RX66_2311-06875,23312000000138352233
RX66_2311-06876,23312000000130525552
RX66_2311-06876,23312000000130525552
RX66_2311-06877,23312000000130730781
RX66_2311-06877,23312000000130730781
RX66_2311-06878,23312000000130730376
RX66_2311-06880,23312000000130520267
RX66_2311-06881,23312000000138162608
RX66_2311-06882,23312000000130730636
RX66_2311-06883,23312000000130729629
RX66_2311-06884,"23312000000143682586,23312000000153159739"
RX66_2311-06885,23312000000164051116
RX66_2311-06886,23312000000138352178
RX66_2311-06887,23312000000138356547
RX66_2311-06887,23312000000138356547
RX66_2311-06889,23312000000130525100
RX66_2311-06890,"23312000000130729420,23312000000138353570,23312000000143682004,23312000000152509424"
RX66_2311-06891,23312000000130531359
RX66_2311-06892,23312000000130725611
RX66_2311-06907,23312000000138175271
RX66_2311-06907,23312000000138175271
RX66_2311-06893,23312000000130516920
RX66_2311-06894,23312000000143681156
RX66_2311-06895,23312000000138361223
RX66_2311-06896,23312000000130527044
RX66_2311-06897,23312000000164055185
RX66_2311-06898,23312000000130730051
RX66_2311-06899,23312000000138351190
RX66_2311-06901,23312000000130517302
RX66_2311-06902,23312000000138159926
RX66_2311-06902,23312000000138159926
RX66_2311-06903,23312000000138351968
RX66_2311-06904,23312000000138353714
RX66_2311-06905,23312000000138174689
RX66_2311-06905,23312000000138174689
RX66_2311-06905,23312000000138174689
RX66_2311-06906,23312000000138888111
RX66_2311-06908,23312000000138160327
RX66_2311-06908,23312000000138160327
RX66_2311-06909,23312000000138173454
RX66_2311-06910,23312000000138160805
RX66_2311-06910,23312000000138160805
RX66_2311-06911,23312000000138159882
RX66_2311-06912,23312000000138353067
RX66_2311-06912,23312000000138353067
RX66_2311-06913,23312000000138356150
RX66_2311-06913,23312000000138356150
RX66_2311-06914,23312000000138173653
RX66_2311-06915,23312000000138352858
RX66_2311-06915,23312000000138352858
RX66_2311-06916,23312000000138350943
RX66_2311-06917,23312000000143680275
RX66_2311-06917,23312000000143680275
RX66_2311-06919,"23312000000138351825,23312000000152504798"
RX66_2311-06920,"23312000000138353067,23312000000152504044,23312000000164062781"
RX66_2311-06921,23312000000138356347
RX66_2311-06921,23312000000138356347
RX66_2311-06922,23312000000138357237
RX66_2311-06923,23312000000143649933
RX66_2311-06923,23312000000143649933
RX66_2311-06924,23312000000138160091
RX66_2311-06924,23312000000138160091
RX66_2311-06925,23312000000138355774
RX66_2311-06926,23312000000138161054
RX66_2311-06927,23312000000138355073
RX66_2311-06929,"23312000000138353067,23312000000143680946,23312000000143687440,23312000000152504044"
RX66_2311-06929,"23312000000138353067,23312000000143680946,23312000000143687440,23312000000152504044"
RX66_2311-06930,"23312000000152511258,23312000000164062781"
RX66_2311-06930,"23312000000152511258,23312000000164062781"
RX66_2311-06931,23312000000138357947
RX66_2311-06932,23312000000138161174
RX66_2311-06933,23312000000138167204
RX66_2311-06935,23312000000152480694
RX66_2311-06936,23312000000138169051
RX66_2311-06937,23312000000138172523
RX66_2311-06938,23312000000138163119
RX66_2311-06939,23312000000138171881
RX66_2311-06939,23312000000138171881
RX66_2311-06940,23312000000143682774
RX66_2311-06940,23312000000143682774
RX66_2311-06941,23312000000138355499
RX66_2311-06942,23312000000138161015
RX66_2311-06942,23312000000138161015
RX66_2311-06943,23312000000138161856
RX66_2311-06944,23312000000143682175
RX66_2311-06945,"23312000000138173010,23312000000152478192"
RX66_2311-06946,23312000000138173010
RX66_2311-06948,"23312000000138171448,23312000000152476734"
RX66_2311-06949,23312000000138359554
RX66_2311-06950,23312000000143645218
RX66_2311-06950,23312000000143645218
RX66_2311-06951,"23312000000143650319,23312000000152484756"
RX66_2311-06952,23312000000164063965
RX66_2311-06953,23312000000152502797
RX66_2311-06954,23312000000152508028
RX66_2311-06955,23312000000138170733
RX66_2311-07085,23312000000143684144
RX66_2311-07085,23312000000143684144
RX66_2311-06956,"23312000000143683213,23312000000164057623"
RX66_2311-06956,"23312000000143683213,23312000000164057623"
RX66_2311-06957,23312000000138172523
RX66_2311-06958,23312000000138161624
RX66_2311-06959,23312000000138171323
RX66_2311-06960,"23312000000138161624,23312000000143651283,23312000000152483571,23312000000164106766"
RX66_2311-06991,23312000000152477626
RX66_2311-06991,23312000000152477626
RX66_2311-06965,23312000000152510001
RX66_2311-06965,23312000000152510001
RX66_2311-06966,23312000000138173454
RX66_2311-06967,"23312000000138352744,23312000000152504446"
RX66_2311-06968,23312000000138352744
RX66_2311-06969,23312000000143679167
RX66_2311-06970,"23312000000138161467,23312000000143649014"
RX66_2311-06971,23312000000138162002
RX66_2311-06972,"23312000000144740075,23312000000143646988,23312000000152478054,23312000000164101077,24312000000009963470"
RX66_2311-06972,"23312000000144740075,23312000000143646988,23312000000152478054,23312000000164101077,24312000000009963470"
RX66_2311-06972,"23312000000144740075,23312000000143646988,23312000000152478054,23312000000164101077,24312000000009963470"
RX66_2311-06973,23312000000138162470
RX66_2311-06974,23312000000138359016
RX66_2311-06974,23312000000138359016
RX66_2310-06418A,23312000000164106811
RX66_2311-06978,23312000000138165838
RX66_2311-06978,23312000000138165838
RX66_2311-06977,"23312000000138351825,23312000000143686109,23312000000152504798"
RX66_2311-06980,23312000000138170138
RX66_2311-06980,23312000000138170138
RX66_2311-06981,23312000000138175541
RX66_2311-06981,23312000000138175541
RX66_2311-06983,23312000000138353067
RX66_2311-06983,23312000000138353067
RX66_2311-06984,"23312000000138169369,23312000000143645604"
RX66_2311-06985,23312000000164100080
RX66_2311-06986,23312000000138172523
RX66_2311-06987,23312000000138172523
RX66_2311-06988,"23312000000138357018,23312000000152502893,23312000000164053525,24312000000009938933"
RX66_2311-06989,23312000000164104204
RX66_2311-06989,23312000000164104204
RX66_2311-07072,23312000000143642073
RX66_2311-06993,23312000000138164616
RX66_2311-06993,23312000000138164616
RX66_2311-06994,23312000000138162163
RX66_2311-06994,23312000000138162163
RX66_2311-06995,23312000000138162163
RX66_2311-06996,23312000000138358545
RX66_2311-06997,"23312000000152508959,24312000000009943657"
RX66_2311-06998,"23312000000138168914,23312000000143643565"
RX66_2311-07000,23312000000152482063
RX66_2311-07000,23312000000152482063
RX66_2311-07001,"23312000000138352178,23312000000152503513"
RX66_2311-07001,"23312000000138352178,23312000000152503513"
RX66_2311-07002,23312000000138165044
RX66_2311-07002,23312000000138165044
RX66_2311-07003,"23312000000143686748,23312000000152504446"
RX66_2311-07004,23312000000152480694
RX66_2311-07005,23312000000138357584
RX66_2311-07006,23312000000139273801
RX66_2311-07007,23312000000139273801
RX66_2311-07007,23312000000139273801
RX66_2311-07008,23312000000138357708
RX66_2311-07009,23312000000138163371
RX66_2311-07010,24312000000050683812
RX66_2311-07011,"23312000000138354176,23312000000143683467,23312000000152503758"
RX66_2311-07011,"23312000000138354176,23312000000143683467,23312000000152503758"
RX66_2311-07011,"23312000000138354176,23312000000143683467,23312000000152503758"
RX66_2311-07012,23312000000164065265
RX66_2311-07012,23312000000164065265
RX66_2311-07013,23312000000143650877
RX66_2311-07014,23312000000139273801
RX66_2311-07014,23312000000139273801
RX66_2311-07014,23312000000139273801
RX66_2311-07015,23312000000138173454
RX66_2311-07015,23312000000138173454
RX66_2311-07016,"23312000000138175271,23312000000143646179"
RX66_2311-07017,23312000000138164833
RX66_2311-07017,23312000000138164833
RX66_2311-07018,23312000000138170501
RX66_2311-07019,23312000000152482976
RX66_2311-07020,23312000000138888126
RX66_2311-07021,23312000000152481621
RX66_2311-07021,23312000000152481621
RX66_2311-07022,23312000000138164002
RX66_2311-07022,23312000000138164002
RX66_2311-07023,23312000000143685342
RX66_2311-07023,23312000000143685342
RX66_2311-07024,23312000000138176229
RX66_2311-07024,23312000000138176229
RX66_2311-07025,23312000000138359415
RX66_2311-07026,23312000000138171692
RX66_2311-07027,23312000000138355469
RX66_2311-07028,23312000000138355469
RX66_2311-07028,23312000000138355469
RX66_2311-07029,23312000000138358949
RX66_2311-07030,23312000000138358880
RX66_2311-07030,23312000000138358880
RX66_2311-07031,23312000000143649387
RX66_2311-07032,23312000000138173600
RX66_2311-07033,23312000000138360018
RX66_2311-07034,23312000000138359483
RX66_2311-07035,23312000000138164303
RX66_2311-07036,23312000000138167652
RX66_2311-07036,23312000000138167652
RX66_2311-07037,23312000000143643940
RX66_2311-07038,23312000000143643940
RX66_2311-07038,23312000000143643940
RX66_2311-07039,"23312000000138166459,23312000000152476281"
RX66_2311-07039,"23312000000138166459,23312000000152476281"
RX66_2311-07039,"23312000000138166459,23312000000152476281"
RX66_2311-07040,23312000000138166459
RX66_2311-07041,23312000000144740075
RX66_2311-07042,23312000000138169245
RX66_2311-07042,23312000000138169245
RX66_2311-07043,23312000000138351190
RX66_2311-07043,23312000000138351190
RX66_2311-07043,23312000000138351190
RX66_2311-07044,"23312000000143647194,23312000000152478847"
RX66_2311-07045,"23312000000138360354,23312000000143681605"
RX66_2311-07046,23312000000138165449
RX66_2311-07046,23312000000138165449
RX66_2311-07046,23312000000138165449
RX66_2311-07047,23312000000143644862
RX66_2311-07048,23312000000138167167
RX66_2311-07049,23312000000138166312
RX66_2311-07050,23312000000138360234
RX66_2311-07052,23312000000138173454
RX66_2311-07052,23312000000138173454
RX66_2310-06631A,23312000000138165695
RX66_2309-06201A,"23312000000143680098,24312000000035452205"
RX66_2311-07053,23312000000143680018
RX66_2311-07054,23312000000138360829
RX66_2311-07055,23312000000138174463
RX66_2311-07056,23312000000143680807
RX66_2311-07057,"23312000000143651283,23312000000152483571"
RX66_2311-07058,23312000000143644146
RX66_2311-07059,23312000000138173010
RX66_2311-07059,23312000000138173010
RX66_2311-07060,23312000000138168361
RX66_2311-07061,23312000000138168361
RX66_2311-07061,23312000000138168361
RX66_2311-07062,23312000000138360955
RX66_2311-07063,23312000000138354660
RX66_2311-07064,23312000000152480370
RX66_2311-07065,"23312000000138168419,23312000000143644516"
RX66_2308-05264C,23312000000138167793
RX66_2311-07066,23312000000143642948
RX66_2311-07066,23312000000143642948
RX66_2311-07067,"24312000000002655692,24312000000022026063"
RX66_2311-07067,"24312000000002655692,24312000000022026063"
RX66_2311-07068,23312000000138167371
RX66_2311-07068,23312000000138167371
RX66_2311-07069,23312000000143648564
RX66_2311-07069,23312000000143648564
RX66_2311-07070,23312000000143681741
RX66_2311-07071,23312000000138169051
RX66_2311-07073,23312000000143684530
RX66_2311-07073,23312000000143684530
RX66_2311-07074,23312000000164061236
RX66_2311-07075,23312000000143649443
RX66_2311-07076,23312000000152482400
RX66_2311-07077,23312000000143651019
RX66_2311-07078,23312000000143642801
RX66_2311-07079,"23312000000152482541,23312000000164106811"
RX66_2311-07080,23312000000152509424
RX66_2311-07081,23312000000152479214
RX66_2311-07082,23312000000143680946
RX66_2311-07082,23312000000143680946
RX66_2311-07083,23312000000152510834
RX66_2311-07086,23312000000143648987
RX66_2311-07087,23312000000152482514
RX66_2311-07088,23312000000143684895
RX66_2311-07089,23312000000143687823
RX66_2311-07090,23312000000152479275
RX66_2311-07093,"23312000000152504446,23312000000152510795,23312000000164062964"
RX66_2311-07091,23312000000143686085
RX66_2311-07091,23312000000143686085
RX66_2311-07092,23312000000143647399
RX66_2311-07094,23312000000143650280
RX66_2311-07095,23312000000143685890
RX66_2311-07096,23312000000143644468
RX66_2311-07097,23312000000152502902
RX66_2311-07111,23312000000143679955
RX66_2311-07098,"23312000000143643565,23312000000152480572"
RX66_2311-07098,"23312000000143643565,23312000000152480572"
RX66_2311-07099,23312000000143684020
RX66_2311-07100,"23312000000143680807,23312000000152504744,23312000000164063099,24312000000022019700,24312000000067076600"
RX66_2311-07100,"23312000000143680807,23312000000152504744,23312000000164063099,24312000000022019700,24312000000067076600"
RX66_2311-07101,23312000000164055185
RX66_2311-07101,23312000000164055185
RX66_2311-07102,23312000000143684651
RX66_2311-07102,23312000000143684651
RX66_2311-07103,"23312000000143646800,23312000000164101639"
RX66_2311-07104,23312000000143645496
RX66_2311-07105,23312000000143685642
RX66_2311-07106,23312000000152506861
RX66_2311-07107,"23312000000143682175,23312000000152506728"
RX66_2311-07108,23312000000152505721
RX66_2311-07108,23312000000152505721
RX66_2311-07109,23312000000152504562
RX66_2311-07112,23312000000143645953
RX66_2311-07113,23312000000143647399
RX66_2311-07114,"23312000000143646801,23312000000152478192"
RX66_2311-07115,23312000000143648099
RX66_2311-07115,23312000000143648099
RX66_2311-07116,23312000000143679378
RX66_2311-07116,23312000000143679378
RX66_2311-07198,23312000000148578929
RX66_2311-07117,23312000000152482373
RX66_2311-07117,23312000000152482373
RX66_2311-07118,23312000000143686109
RX66_2311-07119,23312000000143687539
RX66_2311-07120,23312000000143687959
RX66_2311-07120,23312000000143687959
RX66_2311-07121,23312000000143686720
RX66_2311-07122,23312000000152505746
RX66_2311-07123,23312000000143687440
RX66_2311-07123,23312000000143687440
RX66_2311-07124,23312000000143686934
RX66_2311-07125,23312000000143647848
RX66_2311-07126,23312000000152504187
RX66_2311-07127,"23312000000152480518,24312000000009965073"
RX66_2311-07127,"23312000000152480518,24312000000009965073"
RX66_2311-07128,23312000000152481045
RX66_2311-07128,23312000000152481045
RX66_2311-07129,23312000000152505349
RX66_2311-07129,23312000000152505349
RX66_2311-07129,23312000000152505349
RX66_2311-07130,23312000000152507299
RX66_2311-07130,23312000000152507299
RX66_2311-07130,23312000000152507299
RX66_2311-07132,23312000000152485083
RX66_2311-07133,23312000000152482400
RX66_2311-07134,23312000000148578951
RX66_2311-07135,23312000000152505521
RX66_2311-07136,23312000000152478585
RX66_2311-07136,23312000000152478585
RX66_2311-07137,23312000000152507428
RX66_2311-07137,23312000000152507428
RX66_2311-07138,23312000000152480241
RX66_2311-07138,23312000000152480241
RX66_2311-07139,23312000000152479814
RX66_2311-07140,23312000000152483052
RX66_2311-07141,23312000000152505872
RX66_2311-07142,23312000000152480129
RX66_2311-07143,23312000000152480989
RX66_2311-07145,23312000000152483100
RX66_2311-07146,23312000000152479814
RX66_2311-07148,"23312000000164106766,24312000000009959713,24312000000022079586,24312000000028413429,24312000000035484871"
RX66_2311-07149,23312000000152484419
RX66_2311-07150,24312000000035483418
RX66_2311-07154,23312000000164096600
RX66_2311-07156,23312000000152504562
RX66_2311-07157,"23312000000152476775,24312000000025682335"
RX66_2311-07158,23312000000164063099
RX66_2311-07159,23312000000152506342
RX66_2311-07159,23312000000152506342
RX66_2311-07159,23312000000152506342
RX66_2311-07160,23312000000152482976
RX66_2311-07161,23312000000152508728
RX66_2311-07161,23312000000152508728
RX66_2311-07162,23312000000152506964
RX66_2311-07164,23312000000152508570
RX66_2311-07165,24312000000025712280
RX66_2311-07165,24312000000025712280
RX66_2311-07166,24312000000035485108
RX66_2311-07167,23312000000152508111
RX66_2311-07167,23312000000152508111
RX66_2311-07167,23312000000152508111
RX66_2311-07168,23312000000152504562
RX66_2311-07169,23312000000152508134
RX66_2311-07169,23312000000152508134
RX66_2311-07170,23312000000152507084
RX66_2311-07171,"23312000000152509541,23312000000164060537"
RX66_2311-07173,23312000000164062964
RX66_2311-07174,23312000000152480694
RX66_2311-07175,23312000000164063965
RX66_2311-07176,24312000000035483418
RX66_2311-07181,23312000000152481817
RX66_2311-07182,23312000000164064530
RX66_2311-07183,23312000000152508608
RX66_2311-07183,23312000000152508608
RX66_2311-07184,23312000000152502838
RX66_2311-07185,23312000000152479147
RX66_2311-07186,23312000000152484166
RX66_2311-07186,23312000000152484166
RX66_2311-07187,23312000000152504969
RX66_2311-07188,23312000000164099740
RX66_2311-07188,23312000000164099740
RX66_2311-07190,23312000000152479814
RX66_2311-07190,23312000000152479814
RX66_2311-07190,23312000000152479814
RX66_2311-07191,23312000000152508750
RX66_2311-07192,23312000000152478463
RX66_2311-07192,23312000000152478463
RX66_2311-07193,23312000000152480572
RX66_2311-07193,23312000000152480572
RX66_2311-07194,23312000000152484648
RX66_2311-07194,23312000000152484648
RX66_2311-07196,"23312000000152503646,23312000000164061741"
RX66_2311-07197,23312000000164061741
RX66_2311-07199,23312000000152477806
RX66_2311-07200,23312000000152477806
RX66_2311-07200,23312000000152477806
RX66_2311-07201,23312000000164092626
RX66_2311-07201,23312000000164092626
RX66_2312-07202,23312000000152484588
RX66_2312-07203,23312000000152478054
RX66_2312-07204,23312000000152477696
RX66_2312-07204,23312000000152477696
RX66_2312-07205,23312000000152509304
RX66_2312-07207,"23312000000152509424,23312000000164063995"
RX66_2312-07208,23312000000152484960
RX66_2312-07209,23312000000164100080
RX66_2312-07210,23312000000152510212
RX66_2312-07212,23312000000152508570
RX66_2312-07213,23312000000152511413
RX66_2312-07213,23312000000152511413
RX66_2312-07214,23312000000152478122
RX66_2312-07216,23312000000152481754
RX66_2312-07216,23312000000152481754
RX66_2312-07217,23312000000152510401
RX66_2311-06916A,23312000000152510934
RX66_2311-06916A,23312000000152510934
RX66_2312-07218,23312000000164063965
RX66_2312-07218,23312000000164063965
RX66_2312-07218,23312000000164063965
RX66_2312-07218,23312000000164063965
RX66_2312-07219,"23312000000152478192,23312000000164098384"
RX66_2312-07220,23312000000152509992
RX66_2312-07222,23312000000164065980
RX66_2312-07222,23312000000164065980
RX66_2312-07223,23312000000152510712
RX66_2312-07223,23312000000152510712
RX66_2312-07223,23312000000152510712
RX66_2312-07224,"23312000000152507084,23312000000164066033"
RX66_2312-07225,23312000000164096975
RX66_2312-07226,23312000000164098384
RX66_2312-07227,23312000000164054598
RX66_2312-07228,23312000000164106766
RX66_2312-07229,"23312000000152504744,23312000000164063099"
RX66_2312-07230,"23312000000152478847,23312000000164092471"
RX66_2312-07231,23312000000152480572
RX66_2312-07233,23312000000153162596
RX66_2312-07234,23312000000152479814
RX66_2312-07235,23312000000152511286
RX66_2312-07236,23312000000152477237
RX66_2312-07236,23312000000152477237
RX66_2312-07237,"23312000000152504798,23312000000164063965"
RX66_2312-07238,23312000000164097311
RX66_2312-07238,23312000000164097311
RX66_2312-07239,23312000000164097311
RX66_2312-07240,23312000000164211637
RX66_2312-07241,"23312000000152476775,23312000000164097855"
RX66_2312-07242,23312000000164063965
RX66_2312-07243,23312000000164066760
RX66_2312-07243,23312000000164066760
RX66_2312-07244,23312000000152485411
RX66_2312-07244,23312000000152485411
RX66_2312-07245,23312000000164105338
RX66_2312-07245,23312000000164105338
RX66_2312-07246,23312000000152485746
RX66_2312-07246,23312000000152485746
RX66_2312-07247,23312000000164106160
RX66_2312-07247,23312000000164106160
RX66_2312-07248,23312000000164096600
RX66_2312-07250,"23312000000164096372,24312000000009957520"
RX66_2312-07250,"23312000000164096372,24312000000009957520"
RX66_2312-07251,23312000000164064017
RX66_2312-07252,23312000000164064017
RX66_2312-07252,23312000000164064017
RX66_2312-07253,"23312000000152476905,23312000000164097640"
RX66_2312-07254,23312000000164107151
RX66_2312-07255,23312000000164097405
RX66_2312-07256,23312000000164064387
RX66_2312-07257,23312000000164051539
RX66_2312-07257,23312000000164051539
RX66_2312-07260,23312000000164098954
RX66_2312-07260,23312000000164098954
RX66_2312-07260,23312000000164098954
RX66_2312-07258,23312000000164066642
RX66_2312-07258,23312000000164066642
RX66_2312-07259,23312000000164065836
RX66_2312-07261,23312000000164098246
RX66_2312-07262,23312000000164062440
RX66_2312-07262,23312000000164062440
RX66_2312-07263,23312000000164065223
RX66_2312-07265,23312000000164053019
RX66_2312-07265,23312000000164053019
RX66_2312-07266,23312000000164100572
RX66_2312-07266,23312000000164100572
RX66_2312-07266,23312000000164100572
RX66_2312-07267,23312000000164098731
RX66_2312-07268,23312000000164052304
RX66_2312-07268,23312000000164052304
RX66_2312-07269,23312000000164099249
RX66_2312-07270,23312000000164052348
RX66_2312-07270,23312000000164052348
RX66_2312-07270,23312000000164052348
RX66_2312-07271,23312000000164099217
RX66_2312-07272,23312000000164065764
RX66_2312-07273,23312000000164106196
RX66_2312-07273,23312000000164106196
RX66_2312-07274,23312000000164065336
RX66_2312-07275,23312000000164063965
RX66_2312-07277,23312000000164052713
RX66_2312-07278,23312000000164100036
RX66_2312-07279,23312000000164106051
RX66_2312-07279,23312000000164106051
RX66_2312-07280,23312000000164056681
RX66_2312-07281,23312000000164063965
RX66_2312-07282,23312000000164100803
RX66_2312-07283,23312000000164099907
RX66_2312-07284,23312000000164106088
RX66_2312-07285,23312000000164100080
RX66_2312-07286,23312000000164053471
RX66_2312-07287,23312000000164066508
RX66_2312-07288,23312000000164067334
RX66_2312-07290,23312000000164052746
RX66_2312-07292,23312000000164059634
RX66_2312-07292,23312000000164059634
RX66_2312-07293,23312000000164101591
RX66_2312-07293,23312000000164101591
RX66_2312-07294,23312000000164054229
RX66_2312-07295,23312000000164067109
RX66_2312-07296,23312000000164052279
RX66_2312-07297,23312000000164098384
RX66_2312-07298,23312000000164098384
RX66_2312-07298,23312000000164098384
RX66_2312-07299,23312000000164101868
RX66_2312-07300,23312000000164051474
RX66_2312-07302,23312000000164056963
RX66_2312-07302,23312000000164056963
RX66_2312-07302,23312000000164056963
RX66_2312-07303,23312000000164104998
RX66_2312-07304,23312000000164101543
RX66_2312-07305,23312000000164101543
RX66_2312-07306,23312000000164100796
RX66_2312-07307,23312000000164054375
RX66_2312-07308,23312000000164054229
RX66_2312-07309,23312000000164101077
RX66_2312-07310,23312000000164056183
RX66_2312-07310,23312000000164056183
RX66_2312-07310,23312000000164056183
RX66_2312-07311,23312000000164102395
RX66_2312-07312,23312000000164053872
RX66_2312-07312,23312000000164053872
RX66_2312-07313,23312000000164060537
RX66_2312-07314,23312000000164101639
RX66_2312-07316,"23312000000164054002,24312000000022024423"
RX66_2312-07317,23312000000164102462
RX66_2312-07317,23312000000164102462
RX66_2312-07318,23312000000164066033
RX66_2312-07319,23312000000164055990
RX66_2312-07319,23312000000164055990
RX66_2312-07321,24312000000009935753
RX66_2312-07322,23312000000164063995
RX66_2312-07323,23312000000172281221
RX66_2312-07324,"23312000000164062964,23312000000164059069"
RX66_2312-07325,23312000000164100080
RX66_2312-07326,23312000000164055317
RX66_2312-07328,23312000000164097640
RX66_2312-07329,23312000000164055920
RX66_2312-07330,23312000000164055920
RX66_2312-07330,23312000000164055920
RX66_2312-07331,23312000000164096372
RX66_2312-07334,"23312000000164063099,24312000000009936374"
RX66_2312-07335,23312000000164059783
RX66_2312-07338,23312000000164055346
RX66_2312-07339,23312000000164105019
RX66_2312-07339,23312000000164105019
RX66_2312-07339,23312000000164105019
RX66_2312-07340,"23312000000164054598,24312000000009935324"
RX66_2312-07341,23312000000164065764
RX66_2312-07342,23312000000164057817
RX66_2312-07343,23312000000164055317
RX66_2312-07344,23312000000164100036
RX66_2312-07345,23312000000164056808
RX66_2312-07345,23312000000164056808
RX66_2312-07346,23312000000164104670
RX66_2312-07349,23312000000164211637
RX66_2312-07350,23312000000164052746
RX66_2312-07351,23312000000164065836
RX66_2312-07352,23312000000164061467
RX66_2312-07353,23312000000164062403
RX66_2312-07354,23312000000164100796
RX66_2312-07358,"24312000000009936346,24312000000028439464"
RX66_2312-07359,23312000000164102573
RX66_2312-07359,23312000000164102573
RX66_2312-07360,23312000000164093580
RX66_2312-07361,23312000000164055865
RX66_2312-07362,23312000000164062781
RX66_2312-07362,23312000000164062781
RX66_2312-07363,23312000000164107151
RX66_2312-07364,23312000000164062964
RX66_2312-07365,23312000000164055185
RX66_2312-07367,23312000000164094530
RX66_2312-07368,23312000000164057195
RX66_2312-07369,23312000000164051116
RX66_2312-07370,23312000000164104622
RX66_2312-07370,23312000000164104622
RX66_2312-07372,23312000000164063965
RX66_2312-07374,24312000000022228307
RX66_2312-07377,23312000000164060875
RX66_2312-07377,23312000000164060875
RX66_2312-07378,23312000000164057686
RX66_2312-07379,23312000000164058532
RX66_2312-07380,23312000000164102972
RX66_2312-07381,23312000000164095002
RX66_2312-07383,"24312000000009937481,24312000000022019190,24312000000025703564,24312000000028435148"
RX66_2312-07384,23312000000164104153
RX66_2312-07385,23312000000164096179
RX66_2312-07386,23312000000164103427
RX66_2312-07387,23312000000164050977
RX66_2312-07387,23312000000164050977
RX66_2312-07421,23312000000166502399
RX66_2312-07421,23312000000166502399
RX66_2312-07388,23312000000164058568
RX66_2312-07389,23312000000164103658
RX66_2312-07390,23312000000164061966
RX66_2312-07391,23312000000164097405
RX66_2312-07393,23312000000164062671
RX66_2312-07395,23312000000166502561
RX66_2312-07396,23312000000164093957
RX66_2312-07396,23312000000164093957
RX66_2312-07398,23312000000164094298
RX66_2312-07398,23312000000164094298
RX66_2312-07399,23312000000164060661
RX66_2312-07400,23312000000164054229
RX66_2312-07401,24312000000009935549
RX66_2312-07402,23312000000164094152
RX66_2312-07403,23312000000164063965
RX66_2312-07404,23312000000164093168
RX66_2312-07408,23312000000164095147
RX66_2312-07410,23312000000164095618
RX66_2312-07411,23312000000164095265
RX66_2312-07412,23312000000164052348
RX66_2312-07412,23312000000164052348
RX66_2312-07413,24312000000009935324
RX66_2312-07415,23312000000164098384
RX66_2312-07416,23312000000164092471
RX66_2312-07417,23312000000164092471
RX66_2312-07417,23312000000164092471
RX66_2312-07417,23312000000164092471
RX66_2312-07418,23312000000164059634
RX66_2312-07418,23312000000164059634
RX66_2312-07422,23312000000164060346
RX66_2312-07426,24312000000009960600
RX66_2312-07427,24312000000009956064
RX66_2312-07428,23312000000164059842
RX66_2312-07430,23312000000164095682
RX66_2312-07431,23312000000164092598
RX66_2312-07432,23312000000164060232
RX66_2312-07432,23312000000164060232
RX66_2312-07432,23312000000164060232
RX66_2312-07433,23312000000164050754
RX66_2312-07435,23312000000164213524
RX66_2312-07435,23312000000164213524
RX66_2312-07435,23312000000164213524
RX66_2312-07439,23312000000164095598
RX66_2312-07443,23312000000164051474
RX66_2312-07456,24312000000035450863
RX66_2312-07456,24312000000035450863
RX66_2312-07458,24312000000009957283
RX66_2312-07458,24312000000009957283
RX66_2312-07468,24312000000023240412
RX66_2312-07470,"24312000000009939146,24312000000025710815"
RX66_2312-07470,"24312000000009939146,24312000000025710815"
RX66_2312-07474,24312000000009956787
RX66_2312-07474,24312000000009956787
RX66_2312-07477,24312000000009963470
RX66_2312-07477,24312000000009963470
RX66_2312-07480,24312000000009937527
RX66_2312-07489,24312000000050638912
RX66_2312-07519,24312000000022015858
RX66_2312-07519,24312000000022015858
RX66_2312-07506,24312000000009964950
RX66_2312-07507,"24312000000009933188,24312000000022018479"
RX66_2312-07522,24312000000009933628
RX66_2312-07526,24312000000009936029
RX66_2312-07530,24312000000009933188
RX66_2312-07531,24312000000009942132
RX66_2312-07537,24312000000011152195
RX66_2312-07550,24312000000009934472
RX66_2312-07554,"24312000000011152195,24312000000022419617"
RX66_2312-07560,24312000000009933938
RX66_2312-07560,24312000000009933938
RX66_2312-07569,24312000000009956064
RX66_2312-07571,24312000000009962182
RX66_2312-07573,24312000000025672204
RX66_2312-07582,24312000000009935137
RX66_2312-07584,"24312000000009936029,24312000000022018885,24312000000025708627"
RX66_2312-07584,"24312000000009936029,24312000000022018885,24312000000025708627"
RX66_2312-07584,"24312000000009936029,24312000000022018885,24312000000025708627"
RX66_2312-07591,"24312000000035457599,24312000000067086023"
RX66_2312-07598,"24312000000009960222,24312000000022078380"
RX66_2312-07601,24312000000009933628
RX66_2312-07603,"24312000000009961854,24312000000025673981"
RX66_2312-07603,"24312000000009961854,24312000000025673981"
RX66_2312-07605,"24312000000009933188,24312000000022018479"
RX66_2312-07606,"24312000000009964950,24312000000022073910"
RX66_2312-07607,24312000000009934755
RX66_2312-07613,24312000000082885856
RX66_2312-07614,24312000000009956758
RX66_2312-07620,24312000000009958607
RX66_2312-07623,24312000000009964679
RX66_2312-07626,24312000000009933628
RX66_2312-07629,"24312000000009933188,24312000000025705584"
RX66_2312-07630,24312000000022019673
RX66_2312-07633,24312000000009956787
RX66_2312-07635,"24312000000009955871,24312000000022228307"
RX66_2312-07636,24312000000009936314
RX66_2312-07637,24312000000009936646
RX66_2312-07638,24312000000009957964
RX66_2312-07640,24312000000009963669
RX66_2312-07640,24312000000009963669
RX66_2312-07641,24312000000009937126
RX66_2312-07641,24312000000009937126
RX66_2312-07643,24312000000009941538
RX66_2312-07644,24312000000009957520
RX66_2312-07645,24312000000009937890
RX66_2312-07646,24312000000009934472
RX66_2312-07651,24312000000009956533
RX66_2312-07648,24312000000009958021
RX66_2312-07650,24312000000022019730
RX66_2312-07650,24312000000022019730
RX66_2312-07653,24312000000009962925
RX66_2312-07654,24312000000009944742
RX66_2312-07654,24312000000009944742
RX66_2312-07655,24312000000009958544
RX66_2312-07656,24312000000009933912
RX66_2312-07657,24312000000011152330
RX66_2312-07658,24312000000022018479
RX66_2312-07659,24312000000022073910
RX66_2312-07660,24312000000022419617
RX66_2312-07661,24312000000009956901
RX66_2312-07663,"24312000000025708627,24312000000028440627,24312000000035450629"
RX66_2312-07663,"24312000000025708627,24312000000028440627,24312000000035450629"
RX66_2312-07664,"24312000000009937845,24312000000022020929"
RX66_2312-07665,24312000000022017870
RX66_2312-07666,24312000000009934310
RX66_2312-07667,24312000000009959521
RX66_2312-07668,"24312000000009935324,24312000000022016598,24312000000035451376"
RX66_2312-07669,24312000000009934821
RX66_2312-07670,24312000000009959038
RX66_2312-07671,24312000000009959038
RX66_2312-07673,24312000000009957158
RX66_2312-07341G,24312000000009934249
RX66_2312-07341H,24312000000009934249
RX66_2312-07675,24312000000009968064
RX66_2312-07674,24312000000009968039
RX66_2312-07676,24312000000009958235
RX66_2312-07677,24312000000009959713
RX66_2312-07678,24312000000009959833
RX66_2312-07679,24312000000009966482
RX66_2312-07680,24312000000009936374
RX66_2312-07681,24312000000009958493
RX66_2312-07682,24312000000009937018
RX66_2312-07682,24312000000009937018
RX66_2312-07683,24312000000009961467
RX66_2312-07685,24312000000009960458
RX66_2312-07686,24312000000009938296
RX66_2312-07687,24312000000009938179
RX66_2312-07693A,24312000000009960251
RX66_2312-07689,24312000000009933628
RX66_2312-07690,24312000000009937481
RX66_2312-07691,24312000000009960039
RX66_2312-07692,24312000000009960039
RX66_2312-07693,24312000000009960251
RX66_2312-07694,24312000000009937481
RX66_2312-07695,24312000000009960752
RX66_2312-07696,24312000000009961170
RX66_2312-07696,24312000000009961170
RX66_2312-07697,24312000000009938830
RX66_2312-07697,24312000000009938830
RX66_2312-07693B,24312000000022076862
RX66_2306-04507A,24312000000035483096
RX66_2312-07669A,24312000000028441412
RX66_2312-07591A,"24312000000075259531,24312000000082885443,24312000000104658131,24312000000136196965,24312000000145284415,24312000000164050703,24312000000173673255,24312000000180050506,24312000000204335241"
RX66_2312-07591B,"24312000000203778363,24312000000221560156"
RX66_2310-06566A,24312000000082859189
RX66_2310-06566A,24312000000082859189
RX66_2311-07100A,24312000000189540366
